Number_Plate,Make,Model,Year
HO07 TWC,Toyota,RAV4,2007
YW59 CBS,Ford,Mustang,2009
HJ56 DKV,Ford,Mustang,2006
HT65 KGK,Ford,Focus,2015
FO10 WUY,Toyota,gt86,2010
SX12 HGK,Ford,Mustang,2012
QN65 TJB,Toyota,gt86,2015
AM08 OJO,Ford,Mustang,2008
BO13 EZY,Ford,Focus,2013
XD60 CQO,Toyota,Yaris,2010
BF10 JCD,Ford,Galaxy,2010
UJ12 FBM,Toyota,gt86,2012
WJ14 VSA,Toyota,Yaris,2014
FP61 RBH,Ford,Galaxy,2011
TO14 EQU,Toyota,Prius,2014
HP10 OXG,Ford,Galaxy,2010
FA08 KPV,Toyota,Yaris,2008
NA56 LPR,Ford,Mondeo,2006
YU15 FEU,Ford,Focus,2015
OG57 ODN,Toyota,Auris,2007
IW63 PVZ,Ford,Mondeo,2013
LC58 ZEH,Ford,Focus,2008
TO10 IIB,Toyota,gt86,2010
MU58 DBE,Toyota,Verso,2008
IE62 OKT,Toyota,gt86,2012
BL10 ZQK,Ford,Focus,2010
KE11 DOG,Toyota,Auris,2011
MD11 WGV,Ford,Focus,2011
OD14 IZL,Ford,Focus,2014
YF05 BTX,Toyota,Prius,2005
WX66 FTB,Ford,Mondeo,2016
KO14 ALJ,Toyota,RAV4,2014
LF07 TWB,Toyota,Auris,2007
CU13 HUL,Toyota,Prius,2013
RV61 QDH,Ford,Focus,2011
PB60 EQQ,Ford,Mondeo,2010
OX65 CRH,Ford,Focus,2015
JF60 STN,Ford,Focus,2010
LO07 ZXY,Ford,Focus,2007
PJ59 VLF,Toyota,Verso,2009
WQ63 TSW,Ford,Focus,2013
NX55 MYL,Ford,Mondeo,2005
NT62 ILB,Toyota,Yaris,2012
NB60 UVU,Ford,Galaxy,2010
GL60 RDS,Ford,Mustang,2010
AK63 ADK,Toyota,RAV4,2013
LP57 JUF,Ford,Focus,2007
IO65 TQE,Toyota,Yaris,2015
OW13 FTY,Toyota,Yaris,2013
VY65 MLA,Ford,Mustang,2015
SC12 AWB,Toyota,Yaris,2012
FB05 NXR,Ford,Mustang,2005
CR61 UKI,Toyota,Auris,2011
MY56 RKS,Toyota,Auris,2006
NE13 WYO,Ford,Mondeo,2013
EK62 RAJ,Ford,Focus,2012
DT08 FTU,Toyota,RAV4,2008
TI57 KVB,Toyota,Prius,2007
XK60 PEP,Toyota,Verso,2010
SC05 AUO,Toyota,gt86,2005
MR07 NML,Toyota,Yaris,2007
RZ66 UZR,Ford,Mustang,2016
VN12 SOD,Ford,Mondeo,2012
XL09 ZEC,Ford,Galaxy,2009
YV58 OWG,Toyota,Yaris,2008
OZ13 ZXK,Ford,Mustang,2013
OU11 WIX,Ford,Galaxy,2011
YY64 GGE,Ford,Galaxy,2014
GH12 DBB,Toyota,Yaris,2012
BS61 FQD,Toyota,RAV4,2011
AW61 BSI,Ford,Focus,2011
JZ10 ARU,Ford,Mondeo,2010
NG56 ZKB,Toyota,Auris,2006
AH57 AGO,Ford,Galaxy,2007
GV16 TFE,Ford,Galaxy,2016
SD59 XAI,Ford,Mustang,2009
CS15 MKR,Ford,Mustang,2015
JP62 HFP,Ford,Focus,2012
NI12 FQF,Ford,Focus,2012
GA05 HGI,Toyota,Verso,2005
FF64 BED,Ford,Focus,2014
PR66 LDL,Ford,Mustang,2016
GI12 UDQ,Toyota,Prius,2012
WS60 VQV,Ford,Mustang,2010
SJ07 QUV,Toyota,Auris,2007
MV09 JUK,Toyota,Prius,2009
DZ62 VSI,Toyota,Prius,2012
WB07 ODY,Ford,Mondeo,2007
LP08 JIU,Ford,Mondeo,2008
CH15 VVC,Toyota,gt86,2015
GL07 JRU,Toyota,Auris,2007
FH60 QWF,Toyota,RAV4,2010
FW05 SQY,Toyota,RAV4,2005
EN06 DDP,Toyota,Verso,2006
EV64 NXA,Toyota,Auris,2014
BX64 IGV,Ford,Focus,2014
XP62 HYU,Toyota,Verso,2012
LS13 VRT,Ford,Focus,2013
IM64 RMF,Toyota,RAV4,2014
CC08 UOX,Ford,Galaxy,2008
ST65 YCV,Ford,Mustang,2015
EK07 QTE,Ford,Mondeo,2007
SN63 UNZ,Ford,Mustang,2013
GG10 FZP,Ford,Focus,2010
MJ64 KMF,Ford,Focus,2014
FN60 SRG,Toyota,Yaris,2010
LY64 JNP,Toyota,Auris,2014
CX64 SAI,Ford,Mustang,2014
MD56 RNT,Toyota,Auris,2006
LS63 WCI,Toyota,Auris,2013
YL62 JAC,Toyota,Prius,2012
HK60 ICQ,Toyota,Yaris,2010
TK63 BJP,Toyota,RAV4,2013
MY09 QBO,Ford,Focus,2009
AL13 NHR,Ford,Focus,2013
UU06 LZG,Ford,Focus,2006
FJ14 YBM,Ford,Focus,2014
AR05 JBZ,Toyota,Verso,2005
EG16 TYM,Toyota,gt86,2016
IB55 CGF,Toyota,gt86,2005
VV08 VJX,Ford,Mustang,2008
BA10 GTS,Toyota,Yaris,2010
PY06 QFQ,Toyota,Prius,2006
LY60 TBW,Ford,Mondeo,2010
WJ11 SRU,Toyota,Yaris,2011
DL07 FFP,Ford,Mondeo,2007
SI59 LRE,Toyota,Yaris,2009
PW11 URC,Ford,Galaxy,2011
ZF07 XWX,Ford,Focus,2007
PO65 HZT,Toyota,Auris,2015
XL66 ONP,Toyota,gt86,2016
FH11 ZNK,Toyota,gt86,2011
GS63 UEY,Ford,Focus,2013
PB09 JEV,Ford,Focus,2009
EJ10 FRY,Ford,Mondeo,2010
CM09 EQQ,Ford,Galaxy,2009
YC15 PDY,Ford,Mustang,2015
GP05 OPU,Ford,Galaxy,2005
FV55 OUQ,Toyota,Yaris,2005
CD58 TIJ,Toyota,Yaris,2008
QS06 YKC,Toyota,Yaris,2006
ZM05 IDA,Ford,Galaxy,2005
CD05 BBG,Ford,Focus,2005
IT64 ODS,Toyota,Yaris,2014
EW15 BFW,Toyota,Verso,2015
DF66 XOX,Toyota,Prius,2016
XH07 SGU,Ford,Mondeo,2007
AZ59 UPI,Ford,Mustang,2009
JO05 QGP,Toyota,RAV4,2005
PH13 BBB,Toyota,Prius,2013
OB07 ART,Toyota,RAV4,2007
AP58 ENX,Toyota,Yaris,2008
DI12 VDJ,Toyota,gt86,2012
GG58 RMB,Ford,Focus,2008
HG63 FQF,Ford,Galaxy,2013
KS56 MHU,Toyota,RAV4,2006
YA66 HVO,Toyota,Auris,2016
AD07 ART,Ford,Mustang,2007
PH56 QBK,Ford,Mustang,2006
NB61 FFP,Ford,Galaxy,2011
AK58 GUK,Toyota,Yaris,2008
OS07 DXB,Toyota,Auris,2007
ZI58 FPD,Toyota,Prius,2008
JI07 WRG,Toyota,RAV4,2007
YJ11 YRX,Toyota,Auris,2011
SG16 CGZ,Toyota,Auris,2016
YK12 NOU,Toyota,Verso,2012
DP12 FLM,Toyota,Yaris,2012
DU60 EEM,Ford,Mondeo,2010
DN58 TTL,Ford,Mondeo,2008
RU06 INO,Toyota,gt86,2006
VC55 FZW,Ford,Mustang,2005
HX63 ZNO,Toyota,Yaris,2013
VO11 ULA,Ford,Mustang,2011
GW57 DEV,Ford,Focus,2007
AQ62 VXV,Ford,Galaxy,2012
XW63 DVL,Ford,Mondeo,2013
WO08 AKV,Toyota,Yaris,2008
VA57 VCZ,Toyota,Auris,2007
NK06 YXL,Ford,Galaxy,2006
QA64 IJM,Toyota,Prius,2014
PX65 KIG,Toyota,Auris,2015
LP10 QXR,Toyota,RAV4,2010
PN64 OWO,Toyota,Verso,2014
CQ10 JBJ,Ford,Focus,2010
RX05 YMB,Ford,Mustang,2005
ZK62 CZU,Ford,Galaxy,2012
EE65 PRM,Toyota,Prius,2015
JY65 RZW,Toyota,Prius,2015
BJ10 YFU,Ford,Focus,2010
KH15 DHZ,Ford,Mustang,2015
TL64 HJN,Ford,Focus,2014
VB06 BCJ,Ford,Mustang,2006
CG61 MVI,Toyota,Verso,2011
FE15 VID,Toyota,Auris,2015
MJ59 XIU,Toyota,RAV4,2009
XH08 UMY,Toyota,RAV4,2008
QB14 KOL,Toyota,gt86,2014
RA12 BUH,Toyota,RAV4,2012
PK58 NKP,Ford,Mondeo,2008
GB13 IVS,Toyota,Auris,2013
GQ16 HFM,Ford,Mustang,2016
WK55 NAF,Ford,Mustang,2005
NY58 DCJ,Ford,Galaxy,2008
MC09 GEG,Ford,Mustang,2009
RY08 ZPC,Ford,Focus,2008
NN07 VHQ,Toyota,Auris,2007
WD58 QCQ,Ford,Mondeo,2008
WP11 GGS,Ford,Mustang,2011
WQ60 KTB,Ford,Mustang,2010
PC10 UVL,Ford,Galaxy,2010
ZD63 AAI,Toyota,gt86,2013
BT65 HCX,Toyota,Auris,2015
WB62 FVH,Ford,Focus,2012
UD15 SIP,Ford,Focus,2015
CZ59 FYD,Ford,Mustang,2009
TK15 YWV,Toyota,Prius,2015
CM13 RDH,Ford,Mondeo,2013
BR07 BOU,Ford,Galaxy,2007
BR14 ZGU,Ford,Focus,2014
HX05 LDJ,Ford,Mondeo,2005
YI10 UZV,Toyota,Auris,2010
PZ05 EVG,Ford,Focus,2005
RT62 HUP,Ford,Mustang,2012
GJ64 DQW,Ford,Galaxy,2014
FH06 SEY,Toyota,gt86,2006
ME08 XKV,Toyota,Auris,2008
UZ59 RBJ,Ford,Galaxy,2009
WP61 SZK,Ford,Galaxy,2011
FA63 KPY,Toyota,Yaris,2013
DI56 FTE,Ford,Mondeo,2006
RA56 EYJ,Ford,Mustang,2006
EH61 VFX,Ford,Mondeo,2011
MP57 LPU,Ford,Focus,2007
GG05 XVU,Toyota,RAV4,2005
IN09 BMR,Ford,Mustang,2009
OJ60 DTP,Ford,Focus,2010
UY65 GAX,Ford,Focus,2015
ZD61 DFG,Toyota,gt86,2011
IQ11 QRL,Toyota,Prius,2011
QV14 YCY,Ford,Mondeo,2014
CN57 LTN,Ford,Focus,2007
NO09 NSO,Toyota,RAV4,2009
BI61 UPY,Toyota,Verso,2011
ZP65 TPX,Ford,Galaxy,2015
FR64 PUY,Toyota,RAV4,2014
SO15 NTK,Ford,Mustang,2015
EF65 XHQ,Toyota,Prius,2015
MQ09 CPG,Ford,Mondeo,2009
GC05 CTT,Toyota,Yaris,2005
OZ59 TYU,Ford,Galaxy,2009
DC65 MXG,Toyota,Prius,2015
XT09 VFC,Ford,Focus,2009
HX14 WYW,Ford,Mustang,2014
VV62 MAE,Toyota,gt86,2012
QW12 KZZ,Toyota,Verso,2012
EM59 UTM,Toyota,Prius,2009
BE12 ATH,Ford,Galaxy,2012
LF08 ITE,Toyota,gt86,2008
OY56 JIY,Toyota,gt86,2006
YC64 HZS,Ford,Focus,2014
XB56 TYI,Ford,Galaxy,2006
UR15 AUH,Toyota,RAV4,2015
NE06 SWG,Ford,Focus,2006
MJ62 ZLH,Toyota,Prius,2012
PX65 SFU,Toyota,Verso,2015
TJ11 COG,Toyota,Yaris,2011
GB13 FEV,Ford,Focus,2013
PV09 XNP,Ford,Mondeo,2009
RO09 LNJ,Ford,Mustang,2009
RU07 GTO,Toyota,RAV4,2007
YR61 VER,Ford,Focus,2011
GG10 XZV,Ford,Galaxy,2010
DS05 PVV,Toyota,gt86,2005
XK10 BIO,Toyota,Yaris,2010
WF08 JDL,Ford,Mondeo,2008
MA60 EMX,Ford,Focus,2010
DM66 VKF,Toyota,Auris,2016
AC12 XCL,Toyota,gt86,2012
YM13 BFD,Toyota,Auris,2013
PB65 PCL,Toyota,Prius,2015
MV10 ENJ,Ford,Mustang,2010
JV66 HQJ,Toyota,Auris,2016
JC10 KRB,Toyota,Prius,2010
VB09 VBN,Ford,Mustang,2009
YS59 GEJ,Toyota,Prius,2009
QM09 SUR,Toyota,Verso,2009
SB06 RXH,Toyota,Auris,2006
BK08 JSO,Toyota,Yaris,2008
WN66 ILC,Ford,Focus,2016
UF11 DVR,Ford,Mondeo,2011
VL64 HFW,Ford,Galaxy,2014
IX64 ZYX,Toyota,gt86,2014
SB61 PQM,Toyota,Auris,2011
AJ55 ZAY,Toyota,RAV4,2005
RG16 GEY,Ford,Galaxy,2016
WM11 XIA,Ford,Galaxy,2011
TQ12 RIF,Ford,Focus,2012
IP65 ELS,Toyota,RAV4,2015
UH65 IOM,Toyota,Yaris,2015
GT60 KRT,Ford,Galaxy,2010
HG66 SSF,Toyota,Auris,2016
MH64 FVF,Toyota,Auris,2014
OQ55 FKW,Toyota,Prius,2005
FZ64 SFH,Toyota,gt86,2014
CD12 VKH,Toyota,Verso,2012
UW58 ZWX,Ford,Mondeo,2008
IB11 QMY,Toyota,gt86,2011
VL06 HUB,Ford,Galaxy,2006
KN10 FNH,Ford,Mustang,2010
AH10 DOZ,Toyota,Auris,2010
FR57 DVO,Ford,Mustang,2007
CI64 TJX,Toyota,RAV4,2014
OO08 QIK,Toyota,Verso,2008
AB16 NQA,Ford,Mustang,2016
DN16 NBC,Toyota,Prius,2016
YV61 EIO,Toyota,RAV4,2011
GK65 JYO,Toyota,gt86,2015
YP66 WWI,Toyota,gt86,2016
VE59 TEW,Toyota,gt86,2009
JM60 UTG,Ford,Galaxy,2010
WQ09 NET,Toyota,Prius,2009
TH13 STL,Toyota,RAV4,2013
FG65 ZMI,Toyota,RAV4,2015
RX58 YEG,Toyota,Auris,2008
AD15 NZI,Ford,Mustang,2015
WR55 MFX,Ford,Mustang,2005
FS14 IZS,Ford,Focus,2014
ZD60 VSC,Toyota,Auris,2010
JS61 QMK,Toyota,Prius,2011
SK57 LTB,Toyota,Prius,2007
LO58 QJU,Ford,Galaxy,2008
IS15 GBE,Ford,Mondeo,2015
FK08 XQA,Ford,Focus,2008
LG09 RTT,Toyota,Verso,2009
VF58 KTN,Toyota,Yaris,2008
UH08 BWK,Ford,Mustang,2008
JY61 UNG,Toyota,RAV4,2011
PX55 XNK,Ford,Galaxy,2005
ZU58 TAH,Toyota,Yaris,2008
NW15 ATQ,Toyota,Auris,2015
NH05 MFQ,Toyota,Auris,2005
AV12 ITW,Ford,Galaxy,2012
WS09 ZKZ,Ford,Focus,2009
YM12 TIZ,Toyota,Yaris,2012
WD09 NUL,Ford,Focus,2009
TM61 NLI,Ford,Galaxy,2011
ZR15 SBY,Ford,Galaxy,2015
TG08 KOT,Toyota,Yaris,2008
GE09 NEF,Toyota,RAV4,2009
SC59 TTY,Ford,Mondeo,2009
UV62 KPF,Ford,Mondeo,2012
HN55 ZYU,Ford,Mustang,2005
YK64 VPS,Ford,Galaxy,2014
RD65 NHL,Ford,Focus,2015
FY65 JIF,Toyota,Auris,2015
CD56 BVR,Toyota,Yaris,2006
JX16 HNU,Toyota,gt86,2016
EP07 CDC,Ford,Galaxy,2007
DJ63 DJW,Ford,Galaxy,2013
LQ62 GZO,Toyota,gt86,2012
MY59 YXT,Toyota,Auris,2009
AW62 FUV,Ford,Focus,2012
DB05 PBV,Toyota,Verso,2005
SV61 HZS,Toyota,Verso,2011
BE14 UUO,Ford,Focus,2014
DB09 SJT,Ford,Mondeo,2009
ME16 EBJ,Ford,Focus,2016
XT63 ZVA,Toyota,gt86,2013
YH06 ROB,Toyota,RAV4,2006
RZ11 NJC,Ford,Galaxy,2011
AN58 JGO,Ford,Mustang,2008
NK58 UPA,Ford,Mustang,2008
MR58 DZK,Ford,Mustang,2008
FW59 NMW,Toyota,Yaris,2009
HK06 JNQ,Ford,Galaxy,2006
YS05 REI,Toyota,RAV4,2005
ND16 LGD,Toyota,Prius,2016
OJ11 TGR,Ford,Mustang,2011
FJ10 DIH,Toyota,Yaris,2010
XX05 PYD,Ford,Galaxy,2005
CV65 SAW,Ford,Focus,2015
YY62 NZY,Toyota,Auris,2012
BV08 NYE,Toyota,Verso,2008
YM59 YRF,Toyota,Auris,2009
GT60 HXN,Ford,Focus,2010
JV10 KVT,Ford,Focus,2010
BH07 ZSX,Toyota,RAV4,2007
DM15 JFD,Toyota,Auris,2015
SV15 XNZ,Toyota,Yaris,2015
PO55 OLE,Toyota,gt86,2005
BO58 NZE,Toyota,gt86,2008
XS10 QPJ,Ford,Focus,2010
NC11 LMN,Ford,Mondeo,2011
GN07 EJG,Ford,Focus,2007
KA56 AES,Toyota,RAV4,2006
NN66 CID,Toyota,Auris,2016
WR62 SRJ,Ford,Galaxy,2012
MU05 KOV,Toyota,gt86,2005
FU09 LKA,Ford,Mustang,2009
FJ16 XPY,Ford,Focus,2016
EO11 DVM,Ford,Galaxy,2011
YP59 WIW,Ford,Focus,2009
MD59 KUK,Toyota,Verso,2009
NG63 JTT,Toyota,Verso,2013
OW66 USF,Toyota,RAV4,2016
JV10 KWL,Toyota,RAV4,2010
FP63 ZMZ,Toyota,Auris,2013
ND14 ZJH,Ford,Focus,2014
LV14 RHL,Ford,Mustang,2014
IU63 QFE,Toyota,Prius,2013
JW56 YCY,Toyota,Prius,2006
UZ06 JVX,Ford,Mondeo,2006
RX13 ZLI,Toyota,Yaris,2013
KN15 FIP,Ford,Galaxy,2015
DK06 RRL,Toyota,Verso,2006
VU59 WBH,Toyota,Prius,2009
SN12 YIN,Toyota,gt86,2012
MY12 LJF,Toyota,Yaris,2012
RV60 QPP,Toyota,Prius,2010
GM11 QKD,Toyota,Yaris,2011
PB15 LBU,Toyota,gt86,2015
SI06 IJI,Toyota,Verso,2006
OS09 TUC,Ford,Galaxy,2009
TQ09 SYF,Toyota,RAV4,2009
RP63 OBR,Ford,Mondeo,2013
OY58 WEM,Toyota,Yaris,2008
QA16 TOW,Ford,Galaxy,2016
BU13 IKO,Toyota,gt86,2013
DU56 MYO,Toyota,Prius,2006
AM63 DBB,Toyota,Yaris,2013
XD10 HWD,Toyota,RAV4,2010
BE64 PEU,Ford,Galaxy,2014
NN11 MPQ,Ford,Galaxy,2011
HX15 MHX,Toyota,RAV4,2015
AO65 DBV,Toyota,gt86,2015
FU56 XFJ,Ford,Focus,2006
LU65 ZXA,Toyota,Verso,2015
XZ10 JGN,Toyota,Verso,2010
MO56 FDU,Ford,Mondeo,2006
GC09 XHA,Ford,Focus,2009
SF65 TUC,Ford,Galaxy,2015
SU11 BQY,Toyota,Yaris,2011
IT09 WTX,Toyota,RAV4,2009
RP66 UJH,Toyota,Auris,2016
IK10 OMA,Toyota,RAV4,2010
XC16 WUC,Ford,Focus,2016
LZ15 TYU,Toyota,gt86,2015
BV13 GTT,Ford,Galaxy,2013
MS57 NHB,Toyota,RAV4,2007
ZX16 KKA,Ford,Focus,2016
HS15 ELY,Toyota,RAV4,2015
FU65 KSY,Ford,Mondeo,2015
VJ08 ZBR,Ford,Galaxy,2008
TY66 MGR,Toyota,Prius,2016
LG09 WUV,Toyota,gt86,2009
UQ61 WZP,Toyota,Verso,2011
KC55 QSN,Toyota,Yaris,2005
DZ64 RFE,Toyota,Auris,2014
UB06 PSN,Toyota,Verso,2006
IH08 GUY,Toyota,Prius,2008
NY57 SOB,Toyota,RAV4,2007
MM06 LWE,Ford,Focus,2006
FU60 MRG,Toyota,gt86,2010
ZQ16 SQP,Toyota,RAV4,2016
IZ60 ZPH,Toyota,gt86,2010
YQ13 ONR,Toyota,Prius,2013
SM59 NTX,Ford,Mondeo,2009
TW08 HQC,Toyota,Prius,2008
YI10 KGR,Ford,Mondeo,2010
XA63 UUD,Ford,Focus,2013
QX57 PWU,Toyota,Auris,2007
NR63 NIY,Ford,Mondeo,2013
TH16 TFY,Ford,Mustang,2016
UB07 QKT,Ford,Galaxy,2007
NY13 OHM,Ford,Galaxy,2013
QH60 TPC,Toyota,Prius,2010
PN65 VHM,Ford,Mustang,2015
WB64 QDG,Ford,Mondeo,2014
ER57 IKS,Toyota,Prius,2007
NT65 JJJ,Toyota,Auris,2015
WB07 VJQ,Ford,Galaxy,2007
NU60 GCD,Ford,Focus,2010
KZ65 HIM,Toyota,gt86,2015
XN16 UKW,Ford,Mondeo,2016
KO14 NZL,Toyota,Auris,2014
QP56 HKJ,Toyota,Auris,2006
QS14 WRW,Ford,Galaxy,2014
GO66 FTH,Ford,Focus,2016
ZK10 LQD,Ford,Mustang,2010
NO64 LVN,Ford,Galaxy,2014
PS56 XBY,Toyota,Auris,2006
DV11 MKO,Ford,Mustang,2011
DE13 JQJ,Ford,Mustang,2013
QN13 XVB,Ford,Focus,2013
MK55 DND,Ford,Galaxy,2005
IN57 SOZ,Toyota,Yaris,2007
YL09 MRO,Toyota,Auris,2009
NN05 VWQ,Ford,Mondeo,2005
JC60 MAI,Ford,Mustang,2010
RN55 QJA,Toyota,Verso,2005
CP58 BYO,Ford,Mondeo,2008
IZ06 XIW,Toyota,Verso,2006
IZ09 UNY,Toyota,Prius,2009
WT14 LHO,Toyota,gt86,2014
KQ10 PXV,Ford,Mustang,2010
DG10 LFU,Toyota,Verso,2010
AA13 IAG,Toyota,Prius,2013
YI14 CIE,Toyota,RAV4,2014
NV63 XCA,Ford,Focus,2013
BO12 SUI,Toyota,Auris,2012
FG65 JNY,Ford,Mondeo,2015
NO59 BDD,Toyota,gt86,2009
QZ05 JXQ,Toyota,Yaris,2005
FP63 ELT,Toyota,Prius,2013
TP56 FRB,Ford,Mondeo,2006
HK56 LBC,Toyota,Auris,2006
JZ66 QHU,Toyota,Auris,2016
MD09 BSL,Ford,Focus,2009
OD06 WKK,Toyota,Verso,2006
AV08 ZTV,Ford,Mustang,2008
MA55 NDP,Toyota,Prius,2005
WS06 TDI,Toyota,Auris,2006
AB07 YHY,Toyota,Auris,2007
UI61 QAE,Toyota,Verso,2011
PW16 FEM,Toyota,Auris,2016
ZN08 LZV,Ford,Mondeo,2008
WR58 KVE,Ford,Mondeo,2008
FQ06 EIP,Toyota,gt86,2006
UI06 PCO,Toyota,gt86,2006
TD57 CUH,Ford,Focus,2007
VA60 YFE,Toyota,Yaris,2010
BC09 DCI,Toyota,gt86,2009
HL59 JXW,Toyota,gt86,2009
AU57 CAN,Ford,Mondeo,2007
KA61 UAP,Ford,Galaxy,2011
DQ66 XSG,Ford,Mondeo,2016
BE16 RSQ,Toyota,Yaris,2016
YD13 KOJ,Toyota,Yaris,2013
AX59 DFF,Toyota,Yaris,2009
LZ09 ANQ,Toyota,Prius,2009
NV56 CRR,Ford,Mustang,2006
VU14 XXL,Toyota,Prius,2014
ZI05 WAC,Toyota,gt86,2005
CZ56 TJO,Ford,Mondeo,2006
SD56 FHI,Ford,Mustang,2006
BA65 UNI,Toyota,Yaris,2015
YO13 RNQ,Toyota,Yaris,2013
YN08 XEO,Ford,Focus,2008
NO66 RGR,Ford,Mustang,2016
UN64 XNF,Toyota,Prius,2014
AJ07 FMS,Ford,Mondeo,2007
WH11 LPV,Toyota,gt86,2011
BK14 YIZ,Ford,Focus,2014
XF55 ROZ,Ford,Mondeo,2005
GV16 KSH,Ford,Mustang,2016
VJ13 XRA,Toyota,Yaris,2013
VA66 YAT,Toyota,Verso,2016
WO11 EQX,Ford,Focus,2011
OR14 TSZ,Ford,Mustang,2014
EZ13 GBQ,Ford,Focus,2013
HT60 TDJ,Ford,Mondeo,2010
YX15 OFX,Toyota,Auris,2015
VK15 PAI,Toyota,Auris,2015
UK12 ORP,Ford,Galaxy,2012
QQ09 OPJ,Toyota,RAV4,2009
PK08 DHA,Ford,Mondeo,2008
XJ08 JKQ,Toyota,RAV4,2008
AZ57 TIP,Ford,Galaxy,2007
DN57 UYC,Ford,Mustang,2007
WK10 YNH,Toyota,Yaris,2010
XG63 EUY,Toyota,Prius,2013
NL08 XOP,Ford,Galaxy,2008
ML59 FNT,Ford,Galaxy,2009
NZ55 OGU,Ford,Mondeo,2005
BQ60 NOV,Toyota,Yaris,2010
XI57 IBC,Toyota,Verso,2007
NQ58 WEL,Toyota,Prius,2008
WU06 HMY,Ford,Mustang,2006
PI08 OKH,Toyota,gt86,2008
PF66 NEO,Ford,Galaxy,2016
XN07 KAT,Toyota,Auris,2007
HM05 OKT,Toyota,Auris,2005
YQ05 QXV,Ford,Galaxy,2005
EJ62 PEZ,Ford,Mustang,2012
CB63 UYJ,Ford,Mondeo,2013
BT14 ESG,Ford,Mustang,2014
VB16 XFB,Toyota,Verso,2016
CZ58 OZA,Ford,Focus,2008
PD09 QKG,Toyota,RAV4,2009
DT65 PIX,Toyota,Prius,2015
IY12 ORH,Toyota,Verso,2012
HR10 CSF,Toyota,Yaris,2010
ZA58 NYZ,Toyota,Yaris,2008
JF57 DFN,Toyota,RAV4,2007
YO61 GZU,Ford,Focus,2011
BB65 MFL,Ford,Focus,2015
AS66 HFU,Ford,Focus,2016
QR61 POT,Ford,Galaxy,2011
FX14 KHU,Toyota,Verso,2014
RQ58 RLG,Toyota,Auris,2008
SG13 JJN,Toyota,Auris,2013
WZ62 PCH,Toyota,Yaris,2012
TO55 HPQ,Toyota,Verso,2005
SA07 UIK,Toyota,Verso,2007
ID15 TPV,Toyota,Verso,2015
QN61 NWP,Ford,Focus,2011
AK08 ZQA,Toyota,Prius,2008
TL10 WQZ,Ford,Focus,2010
IJ07 RUF,Toyota,Yaris,2007
UG58 ZSF,Toyota,Verso,2008
LQ13 SAT,Toyota,Prius,2013
PP57 LLO,Toyota,Prius,2007
XN60 WTK,Ford,Mustang,2010
PA57 KIM,Toyota,Auris,2007
TK13 XNY,Toyota,Verso,2013
XH08 IQV,Ford,Mustang,2008
YY56 DKG,Ford,Galaxy,2006
XH60 BFW,Toyota,RAV4,2010
HZ59 LCS,Toyota,RAV4,2009
GT13 XQA,Toyota,Auris,2013
NN65 NKV,Ford,Galaxy,2015
KE61 NHE,Ford,Mustang,2011
QB14 XBO,Toyota,Yaris,2014
ME12 TOX,Toyota,Prius,2012
WG12 MBP,Ford,Galaxy,2012
AZ13 ZXQ,Toyota,gt86,2013
DG56 OTF,Toyota,gt86,2006
RI15 TAB,Ford,Mustang,2015
QM10 QSK,Ford,Galaxy,2010
QK63 KVB,Ford,Mustang,2013
IW56 NII,Ford,Galaxy,2006
TS13 FNU,Toyota,Verso,2013
IO08 OSG,Toyota,Verso,2008
OU09 OBE,Ford,Mustang,2009
KD09 AEP,Ford,Galaxy,2009
ZX08 QGV,Ford,Focus,2008
AI65 GCD,Toyota,Prius,2015
DF56 WWX,Ford,Focus,2006
LT55 XPJ,Toyota,gt86,2005
RP06 IEJ,Toyota,Prius,2006
KH58 WED,Ford,Mustang,2008
EU09 TAW,Ford,Mustang,2009
GD10 GLX,Ford,Mondeo,2010
VU16 IGA,Ford,Mustang,2016
NN66 KEM,Ford,Galaxy,2016
JE65 RLO,Toyota,RAV4,2015
WX55 TZE,Ford,Galaxy,2005
LK56 OBG,Ford,Focus,2006
OB13 WUK,Ford,Mustang,2013
YJ12 GKF,Toyota,Yaris,2012
JD08 OZS,Ford,Galaxy,2008
BN55 JOM,Ford,Mustang,2005
IT11 QOQ,Toyota,Verso,2011
NH09 DUP,Toyota,Yaris,2009
SP64 HOA,Ford,Mondeo,2014
TI07 SUQ,Toyota,Verso,2007
SK63 VNZ,Ford,Focus,2013
NJ63 TEU,Toyota,gt86,2013
XB63 TSG,Toyota,Yaris,2013
BL12 UYT,Ford,Focus,2012
QM55 TSM,Toyota,Auris,2005
CG66 NYX,Ford,Mondeo,2016
RP61 YMU,Ford,Mustang,2011
PA60 EJT,Ford,Galaxy,2010
RY07 UTT,Toyota,RAV4,2007
HS08 VAU,Ford,Mondeo,2008
BT16 SEJ,Toyota,RAV4,2016
NT56 GJI,Toyota,Yaris,2006
SF55 EVX,Ford,Galaxy,2005
UO60 WNR,Ford,Mustang,2010
LT56 QMM,Toyota,Verso,2006
JV64 YXP,Toyota,Prius,2014
LW56 HLQ,Toyota,gt86,2006
FQ05 GJA,Toyota,gt86,2005
ZV08 RMP,Ford,Mondeo,2008
DO60 AWX,Ford,Galaxy,2010
CU61 SJR,Toyota,RAV4,2011
SL57 EWC,Toyota,Verso,2007
XZ07 CMX,Ford,Galaxy,2007
SB08 JXN,Toyota,gt86,2008
DB60 DMJ,Ford,Galaxy,2010
WJ07 LBD,Ford,Galaxy,2007
UA15 FET,Toyota,RAV4,2015
DW11 NSK,Ford,Focus,2011
SM14 ITX,Toyota,Prius,2014
TR10 JQW,Toyota,gt86,2010
RF58 FZH,Ford,Mondeo,2008
OW65 PUV,Toyota,Yaris,2015
SI60 TMK,Toyota,RAV4,2010
YK09 ZPG,Toyota,gt86,2009
IV62 CZA,Toyota,RAV4,2012
CN07 JSC,Toyota,gt86,2007
JT11 YUS,Ford,Mustang,2011
WG58 FUY,Ford,Focus,2008
SS66 XKK,Toyota,Auris,2016
OC07 DTX,Toyota,Verso,2007
UY13 BYP,Toyota,RAV4,2013
LL12 RXX,Toyota,Yaris,2012
KZ66 GGD,Ford,Mondeo,2016
TH15 DKX,Ford,Mondeo,2015
PW16 UCP,Toyota,gt86,2016
XX57 CMQ,Ford,Focus,2007
KJ11 CZE,Ford,Focus,2011
TA14 ZBI,Ford,Mondeo,2014
UN57 RXU,Toyota,RAV4,2007
DX12 ACW,Ford,Galaxy,2012
IG60 YSO,Toyota,Yaris,2010
IC08 DBH,Toyota,Auris,2008
RD64 YQU,Ford,Galaxy,2014
WK12 MYF,Toyota,Yaris,2012
MA65 VYZ,Ford,Mustang,2015
VJ57 MZY,Ford,Focus,2007
FY59 IBN,Toyota,Verso,2009
PN55 LYU,Toyota,Prius,2005
LJ06 LLO,Toyota,Verso,2006
NH11 KZR,Ford,Mondeo,2011
ZW13 AQU,Toyota,RAV4,2013
GE07 QGT,Toyota,gt86,2007
GZ06 EJY,Toyota,Yaris,2006
FL64 VEZ,Toyota,Verso,2014
OR57 WKX,Ford,Focus,2007
DF14 UMV,Ford,Mondeo,2014
AH63 QMC,Toyota,gt86,2013
PG13 VVC,Toyota,gt86,2013
SL62 DLH,Ford,Galaxy,2012
ND66 FEC,Ford,Mondeo,2016
DU05 QXW,Toyota,Verso,2005
PD55 HBV,Ford,Mustang,2005
MX12 NIO,Toyota,Auris,2012
RE07 ZNP,Ford,Focus,2007
ET08 ITO,Toyota,Prius,2008
OT13 YGZ,Toyota,Yaris,2013
NO60 MDQ,Ford,Galaxy,2010
AR10 REH,Toyota,gt86,2010
OK64 EDY,Toyota,Auris,2014
WJ10 WQD,Toyota,RAV4,2010
PW05 RFB,Ford,Mustang,2005
YO08 CXI,Toyota,Verso,2008
SP06 VMN,Ford,Mondeo,2006
WZ63 AEY,Toyota,Prius,2013
CE65 RJG,Toyota,Yaris,2015
GQ57 MKL,Toyota,RAV4,2007
PX57 UAJ,Ford,Mondeo,2007
MU64 QZH,Ford,Galaxy,2014
TY58 EXV,Ford,Mustang,2008
EJ13 OLO,Toyota,RAV4,2013
KB05 VPU,Toyota,Auris,2005
RA58 WFK,Toyota,Verso,2008
GT57 LZA,Ford,Mustang,2007
HQ55 FZO,Ford,Focus,2005
XV58 KXN,Ford,Focus,2008
SA08 XNL,Toyota,Verso,2008
CS66 MLE,Ford,Mondeo,2016
RD06 BOR,Ford,Mondeo,2006
ZU06 RIU,Toyota,RAV4,2006
IA59 EQW,Toyota,RAV4,2009
YE57 JCN,Toyota,gt86,2007
NL12 GYI,Ford,Focus,2012
CM64 XPY,Toyota,Verso,2014
LZ58 UFK,Toyota,Auris,2008
ZD15 FPM,Ford,Focus,2015
KR59 MNK,Ford,Focus,2009
KK57 KCP,Ford,Focus,2007
QC62 PQD,Ford,Galaxy,2012
ZF15 JAS,Ford,Focus,2015
OQ64 TNF,Toyota,gt86,2014
HV06 JJC,Ford,Focus,2006
XW15 UHI,Ford,Focus,2015
MY11 CVN,Ford,Mustang,2011
DG56 YZP,Ford,Mustang,2006
AJ65 OGK,Toyota,Verso,2015
GT11 YFJ,Ford,Focus,2011
CX06 ESG,Toyota,Prius,2006
ZA65 UUQ,Toyota,Yaris,2015
WH05 ZQJ,Ford,Galaxy,2005
JH60 OUP,Toyota,Prius,2010
WZ14 ZNM,Toyota,RAV4,2014
IP15 PZK,Ford,Focus,2015
YT16 QPI,Toyota,Yaris,2016
RO61 VLT,Toyota,Verso,2011
KW06 PJE,Ford,Mondeo,2006
ZN15 QAY,Toyota,Verso,2015
YY58 AKI,Ford,Focus,2008
OO13 OSG,Toyota,RAV4,2013
SQ66 QEX,Toyota,Yaris,2016
RT61 OJW,Toyota,Yaris,2011
UU09 JOV,Ford,Mondeo,2009
FB63 QRS,Ford,Galaxy,2013
IG05 QOL,Ford,Mondeo,2005
IU08 BRO,Toyota,RAV4,2008
UL06 RUS,Toyota,Auris,2006
BM61 LHG,Ford,Focus,2011
BC55 KAP,Ford,Galaxy,2005
VE57 GYX,Toyota,Yaris,2007
WL12 NBM,Toyota,gt86,2012
VU07 OYT,Toyota,Auris,2007
FB56 RXD,Ford,Galaxy,2006
SG08 RLZ,Toyota,Verso,2008
YQ15 RNH,Ford,Mustang,2015
MH63 RUU,Toyota,Verso,2013
ZQ06 DUG,Toyota,Verso,2006
IO14 QAS,Ford,Galaxy,2014
MP12 EDR,Ford,Focus,2012
NB05 PUO,Toyota,gt86,2005
FN11 OTA,Ford,Galaxy,2011
VC09 TPO,Ford,Mustang,2009
VH59 CMA,Ford,Galaxy,2009
WG05 AVE,Ford,Mustang,2005
QF62 KBO,Toyota,Auris,2012
HJ59 RZA,Toyota,Auris,2009
BS05 PEL,Ford,Focus,2005
VV05 IVO,Toyota,Yaris,2005
QB05 NLK,Toyota,Yaris,2005
RX61 LZL,Toyota,Yaris,2011
HQ12 FFV,Ford,Focus,2012
QR07 FOB,Toyota,Verso,2007
DH61 MFD,Ford,Galaxy,2011
NI55 HOJ,Toyota,Yaris,2005
IH55 AIF,Ford,Focus,2005
RW14 OJO,Toyota,gt86,2014
VJ62 UOW,Toyota,Verso,2012
LP64 WCQ,Ford,Mustang,2014
HG66 DKF,Toyota,RAV4,2016
TJ15 LXF,Toyota,Prius,2015
WK59 WPC,Ford,Galaxy,2009
OA12 HCJ,Ford,Focus,2012
GR11 PHW,Ford,Focus,2011
HF60 YJM,Ford,Galaxy,2010
MX61 FGH,Toyota,Verso,2011
YH60 TGE,Toyota,Verso,2010
EG62 JFH,Toyota,RAV4,2012
SU60 UPS,Toyota,Verso,2010
QS05 UKV,Ford,Galaxy,2005
MP55 IXS,Ford,Focus,2005
OM64 QMO,Toyota,Yaris,2014
YZ56 OZF,Ford,Mustang,2006
OW61 ZUG,Toyota,Verso,2011
EZ14 PFC,Toyota,gt86,2014
PB05 UGQ,Toyota,Yaris,2005
ZE55 NZU,Toyota,gt86,2005
XR08 KWK,Toyota,Prius,2008
TS05 VEB,Ford,Mondeo,2005
HL58 TXW,Ford,Mustang,2008
MY63 HLS,Ford,Mustang,2013
ZW66 ORZ,Toyota,gt86,2016
HZ13 ZGO,Toyota,Auris,2013
EE10 FFB,Toyota,Verso,2010
OH09 QOT,Ford,Focus,2009
FZ65 TIY,Toyota,RAV4,2015
ZQ56 ZTW,Ford,Mondeo,2006
PH06 BNK,Ford,Mondeo,2006
TK16 YXN,Toyota,Auris,2016
IM57 LHR,Toyota,RAV4,2007
BP58 GBO,Toyota,Verso,2008
BA12 FDD,Toyota,Prius,2012
JU60 VWN,Ford,Mustang,2010
EC66 YDP,Toyota,Verso,2016
HC13 GPG,Toyota,Yaris,2013
HE66 PVL,Toyota,RAV4,2016
IX55 KIA,Ford,Mondeo,2005
RO63 FOH,Ford,Mustang,2013
GN08 CLW,Toyota,Prius,2008
SW59 JGG,Toyota,Verso,2009
YN63 MYP,Toyota,Auris,2013
PL56 ANE,Toyota,Auris,2006
GL11 NAY,Toyota,Prius,2011
IM65 EMB,Ford,Focus,2015
AI15 JWY,Ford,Galaxy,2015
MW60 RSY,Toyota,Verso,2010
RU14 CKU,Toyota,Auris,2014
QX16 VSF,Ford,Mondeo,2016
RI12 YLV,Toyota,gt86,2012
ML62 URT,Toyota,Auris,2012
UE16 THX,Ford,Galaxy,2016
LC64 DAC,Toyota,RAV4,2014
HS57 YVK,Ford,Galaxy,2007
CK06 PBQ,Toyota,gt86,2006
LM06 WUA,Ford,Focus,2006
XX15 PBF,Toyota,gt86,2015
ST13 YBU,Ford,Focus,2013
VC63 HSO,Ford,Mustang,2013
BT11 WQE,Toyota,gt86,2011
OH62 ZJU,Toyota,Verso,2012
XD64 WNQ,Ford,Galaxy,2014
PQ05 QZZ,Toyota,Yaris,2005
PZ09 SWY,Ford,Galaxy,2009
OF13 HDQ,Toyota,Verso,2013
RA66 UNX,Ford,Mustang,2016
PW16 BSA,Toyota,Prius,2016
AL06 GTC,Ford,Mondeo,2006
GS10 EUV,Toyota,Yaris,2010
VY58 OMC,Toyota,Auris,2008
LW56 DED,Ford,Mondeo,2006
DI14 LFB,Toyota,Auris,2014
KP56 TPZ,Ford,Mondeo,2006
QZ09 OHB,Ford,Mondeo,2009
QU66 DJM,Ford,Focus,2016
QQ58 GIE,Toyota,Auris,2008
HX11 WWX,Ford,Focus,2011
SR58 ROF,Ford,Focus,2008
WT59 RXE,Toyota,Prius,2009
KE63 OIR,Toyota,gt86,2013
OP14 CLI,Ford,Focus,2014
VG59 YPU,Ford,Mustang,2009
QT55 MKQ,Toyota,Auris,2005
PU11 POI,Toyota,Prius,2011
XX08 KIK,Toyota,gt86,2008
KZ62 ISP,Ford,Mondeo,2012
YN65 BRL,Toyota,Prius,2015
YH62 UQI,Toyota,Verso,2012
AO65 HPU,Ford,Mondeo,2015
VK09 LJL,Ford,Focus,2009
JH57 UVR,Ford,Mustang,2007
TJ12 CLM,Ford,Focus,2012
HF12 JUU,Toyota,Auris,2012
PV58 XRK,Toyota,RAV4,2008
JN05 PJG,Ford,Galaxy,2005
PH55 LCK,Ford,Galaxy,2005
ME15 CAR,Toyota,RAV4,2015
OB06 JBT,Ford,Galaxy,2006
UP07 TWW,Ford,Focus,2007
EK15 SPJ,Toyota,Verso,2015
BB66 EGI,Toyota,RAV4,2016
IM09 JYB,Ford,Mondeo,2009
IO10 KQY,Ford,Mondeo,2010
FZ63 WWD,Toyota,Auris,2013
TB05 RLG,Toyota,gt86,2005
CD62 QMS,Toyota,Verso,2012
ZI55 SMT,Toyota,Yaris,2005
GO10 KVZ,Toyota,Verso,2010
EW09 SKM,Ford,Galaxy,2009
GT12 TDY,Ford,Mustang,2012
NH09 IYS,Toyota,gt86,2009
WV61 NQX,Ford,Galaxy,2011
DQ15 WOJ,Ford,Mustang,2015
LL57 XVF,Ford,Mondeo,2007
WW11 JHZ,Toyota,gt86,2011
CC08 RPM,Toyota,Yaris,2008
ZO66 QDD,Toyota,RAV4,2016
VR10 ICV,Ford,Mustang,2010
ZM14 RBH,Toyota,Auris,2014
UU61 MKG,Toyota,Auris,2011
MF06 GHN,Toyota,gt86,2006
HO05 FXF,Ford,Mustang,2005
PT11 HKX,Ford,Mondeo,2011
DF09 LZX,Ford,Galaxy,2009
VH63 GBH,Ford,Galaxy,2013
RX13 COZ,Ford,Focus,2013
SG55 WSH,Ford,Focus,2005
SJ61 JIM,Toyota,RAV4,2011
LS65 QZT,Ford,Focus,2015
EG12 HZX,Ford,Galaxy,2012
ZC15 JVF,Ford,Mondeo,2015
XT05 QBL,Toyota,RAV4,2005
TA66 FQX,Ford,Focus,2016
HJ63 FOJ,Ford,Mondeo,2013
WE61 AQD,Ford,Galaxy,2011
HT65 TVO,Toyota,Auris,2015
NN12 HDF,Toyota,Prius,2012
GX13 UUI,Ford,Mustang,2013
IG07 HLN,Ford,Mustang,2007
YF16 BCN,Toyota,RAV4,2016
XS05 PVX,Ford,Mustang,2005
AK13 TIN,Ford,Focus,2013
PQ11 XOF,Toyota,Verso,2011
YB56 NSX,Toyota,Prius,2006
AV07 JOT,Toyota,gt86,2007
QU61 WXA,Ford,Focus,2011
BG65 PWW,Toyota,RAV4,2015
RG13 TTP,Ford,Mondeo,2013
LV57 DXZ,Toyota,Yaris,2007
VK08 JWQ,Ford,Galaxy,2008
UJ06 AGO,Ford,Galaxy,2006
NK08 VRW,Ford,Galaxy,2008
LM63 KDG,Toyota,Prius,2013
PU61 LDT,Toyota,Verso,2011
FQ07 OIC,Ford,Mustang,2007
NN12 OMW,Toyota,Prius,2012
LM11 JCL,Ford,Mustang,2011
XJ58 ZLL,Toyota,Auris,2008
KD59 KZE,Ford,Mustang,2009
UD60 JJH,Ford,Galaxy,2010
AX16 MST,Ford,Mondeo,2016
CG65 XZS,Ford,Focus,2015
QQ12 GTD,Toyota,RAV4,2012
NY16 YBU,Toyota,Yaris,2016
CZ11 SHE,Ford,Focus,2011
EM62 MGP,Ford,Mustang,2012
RJ55 EGM,Toyota,Verso,2005
FA06 RZT,Toyota,gt86,2006
HF13 BLY,Ford,Mondeo,2013
PW11 NHV,Toyota,gt86,2011
HX62 JOJ,Ford,Mustang,2012
IP14 XSC,Ford,Focus,2014
MU57 QDG,Ford,Mondeo,2007
NW07 CLM,Toyota,Auris,2007
RZ56 VNZ,Toyota,Prius,2006
BF64 BKE,Ford,Mondeo,2014
PQ62 YMH,Ford,Focus,2012
